,Coord 1,Coord 2,Coord 3,Coord 4,Center_X,Center_Y,Depth,Furniture category,Confidence
0,389.07657,184.02318,499.81442,415.04913,444.0,299.5,1.4412338,table,0.6503114104270935
1,108.72885,226.38954,365.3239,499.0467,237.0,362.5,1.3916372,table,0.6923066973686218
2,275.02243,186.03693,445.61374,401.59583,360.0,293.5,1.4216651,table,0.6108426451683044
3,351.38208,143.92902,445.21765,319.63235,398.0,231.5,1.4134982,chair,0.6194349527359009
4,276.447,149.473,365.78055,280.02228,321.0,214.5,1.3807522,chair,0.5187705159187317
